Order_ID,Customer_ID,Date,Product,Category,Quantity,Unit_Price,Discount_pct,Rating,Sales_Amount,Month,Month_Name,Customer_Name,City
1,1084,2024-01-01,Monitor,Electronics,3,53594.01,3.27,5.0,155524.46,1,January,Customer_1084,Madurai
2,1020,2024-01-02,Monitor,Electronics,6,10784.34,10.97,2.5,57607.79,1,January,Customer_1020,Hyderabad
3,1081,2024-01-03,Monitor,Accessories,6,22374.63,7.57,3.6,124085.22,1,January,Customer_1081,Madurai
4,1001,2024-01-04,Laptop,Electronics,3,11523.03,9.23,4.6,31378.36,1,January,Customer_1001,Chennai
5,1080,2024-01-05,Keyboard,Electronics,1,23039.9,5.9,3.3,21680.55,1,January,Customer_1080,Coimbatore
6,1079,2024-01-06,Tablet,Electronics,7,54141.56,19.08,3.7,306679.45,1,January,Customer_1079,Hyderabad
7,1079,2024-01-07,Phone,Electronics,2,72870.99,23.25,4.9,111856.97,1,January,Customer_1079,Hyderabad
8,1067,2024-01-08,Tablet,Accessories,5,16600.53,12.45,3.7,72668.82,1,January,Customer_1067,Madurai
9,1048,2024-01-09,Keyboard,Accessories,2,43595.28,16.07,2.8,73179.04,1,January,Customer_1048,Madurai
10,1071,2024-01-10,Keyboard,Electronics,1,56260.59,21.68,2.6,44063.29,1,January,Customer_1071,Coimbatore
11,1028,2024-01-11,Keyboard,Accessories,6,76257.34,24.97,4.9,343295.29,1,January,Customer_1028,Madurai
12,1079,2024-01-12,Tablet,Electronics,2,48999.81,15.34,3.2,82966.48,1,January,Customer_1079,Hyderabad
13,1056,2024-01-13,Monitor,Electronics,5,20781.0,22.24,3.8,80796.53,1,January,Customer_1056,Chennai
14,1046,2024-01-14,Phone,Electronics,5,50225.51,22.72,2.7,194071.37,1,January,Customer_1046,Madurai
15,1051,2024-01-15,Monitor,Electronics,1,25979.05,19.79,3.6,20837.8,1,January,Customer_1051,Coimbatore
16,1057,2024-01-16,Monitor,Electronics,2,78102.21,11.52,3.7,138209.67,1,January,Customer_1057,Hyderabad
17,1004,2024-01-17,Phone,Accessories,6,32274.25,2.03,3.8,189714.5,1,January,Customer_1004,Hyderabad
18,1014,2024-01-18,Phone,Accessories,4,54991.5,0.4,4.9,219086.14,1,January,Customer_1014,Coimbatore
19,1025,2024-01-19,Laptop,Accessories,1,2346.59,11.93,3.1,2066.64,1,January,Customer_1025,Coimbatore
20,1012,2024-01-20,Laptop,Electronics,7,32304.88,12.36,3.8,198183.98,1,January,Customer_1012,Madurai
21,1044,2024-01-21,Tablet,Electronics,2,70071.06,10.18,4.6,125875.65,1,January,Customer_1044,Bengaluru
22,1067,2024-01-22,Tablet,Electronics,1,49013.08,14.2,3.6,42053.22,1,January,Customer_1067,Madurai
23,1066,2024-01-23,Laptop,Electronics,7,35793.46,13.8,3.2,215977.74,1,January,Customer_1066,Bengaluru
24,1048,2024-01-24,Tablet,Electronics,1,74907.03,20.92,4.6,59236.48,1,January,Customer_1048,Madurai
25,1086,2024-01-25,Monitor,Accessories,4,68391.76,2.72,3.5,266126.02,1,January,Customer_1086,Coimbatore
26,1057,2024-01-26,Phone,Accessories,7,26116.15,5.63,3.8,172520.68,1,January,Customer_1057,Hyderabad
27,1008,2024-01-27,Phone,Accessories,5,43791.6,19.83,4.9,175538.63,1,January,Customer_1008,Coimbatore
28,1077,2024-01-28,Phone,Accessories,5,39441.03,21.2,3.0,155397.66,1,January,Customer_1077,Bengaluru
29,1058,2024-01-29,Tablet,Accessories,3,50760.1,24.87,3.3,114408.19,1,January,Customer_1058,Chennai
30,1064,2024-01-30,Phone,Accessories,1,27061.85,21.82,2.6,21156.95,1,January,Customer_1064,Madurai
31,1057,2024-01-31,Monitor,Electronics,5,19914.3,22.25,3.5,77416.84,1,January,Customer_1057,Hyderabad
32,1056,2024-02-01,Phone,Accessories,7,73057.41,12.495000000000001,3.0,471205.68,2,February,Customer_1056,Chennai
33,1010,2024-02-02,Tablet,Accessories,1,73948.02,10.04,4.2,66523.64,2,February,Customer_1010,Chennai
34,1056,2024-02-03,Phone,Accessories,7,67544.17,6.7,3.0,441130.97,2,February,Customer_1056,Chennai
35,1080,2024-02-04,Laptop,Accessories,3,78267.25,15.16,4.2,199205.8,2,February,Customer_1080,Coimbatore
36,1031,2024-02-05,Monitor,Electronics,4,59726.83,23.47,3.2,182835.77,2,February,Customer_1031,Hyderabad
37,1061,2024-02-06,Phone,Accessories,2,61291.04,8.62,3.4,112015.5,2,February,Customer_1061,Madurai
38,1004,2024-02-07,Phone,Electronics,5,61125.91,13.93,3.4,263055.35,2,February,Customer_1004,Hyderabad
39,1035,2024-02-08,Monitor,Accessories,2,38708.31,7.41,4.3,71680.05,2,February,Customer_1035,Madurai
40,1044,2024-02-09,Keyboard,Accessories,2,36787.95,4.24,3.7,70456.28,2,February,Customer_1044,Bengaluru
41,1099,2024-02-10,Monitor,Accessories,6,19597.99,4.88,3.4,111849.65,2,February,Customer_1099,Coimbatore
42,1022,2024-02-11,Keyboard,Electronics,1,51763.13,1.45,4.6,51012.56,2,February,Customer_1022,Bengaluru
43,1028,2024-02-12,Keyboard,Accessories,4,23500.95,23.73,3.9,71696.7,2,February,Customer_1028,Madurai
44,1041,2024-02-13,Tablet,Accessories,5,20995.77,10.07,3.0,94407.48,2,February,Customer_1041,Chennai
45,1100,2024-02-14,Monitor,Electronics,1,47083.93,20.85,4.8,37266.93,2,February,Customer_1100,Chennai
46,1086,2024-02-15,Phone,Electronics,3,33093.6,17.03,3.4,82373.28,2,February,Customer_1086,Coimbatore
47,1004,2024-02-16,Tablet,Accessories,3,17899.1,4.8,2.6,51119.83,2,February,Customer_1004,Hyderabad
48,1024,2024-02-17,Tablet,Accessories,5,65376.45,4.39,3.7,312532.12,2,February,Customer_1024,Madurai
49,1083,2024-02-18,Keyboard,Accessories,7,68915.31,20.3,2.8,384478.51,2,February,Customer_1083,Chennai
50,1006,2024-02-19,Keyboard,Accessories,6,13832.11,6.62,3.1,77498.55,2,February,Customer_1006,Madurai
51,1086,2024-02-20,Tablet,Electronics,2,1096.81,22.83,4.4,1692.82,2,February,Customer_1086,Coimbatore
52,1029,2024-02-21,Monitor,Accessories,1,27222.33,3.5,2.8,26269.55,2,February,Customer_1029,Hyderabad
53,1092,2024-02-22,Phone,Electronics,1,63902.11,16.94,4.5,53077.09,2,February,Customer_1092,Madurai
54,1030,2024-02-23,Keyboard,Accessories,5,67214.32,20.36,4.8,267647.42,2,February,Customer_1030,Hyderabad
55,1044,2024-02-24,Tablet,Electronics,2,11497.16,5.88,4.0,21642.25,2,February,Customer_1044,Bengaluru
56,1067,2024-02-25,Tablet,Accessories,2,62059.7,6.91,4.3,115542.75,2,February,Customer_1067,Madurai
57,1013,2024-02-26,Monitor,Electronics,6,9698.48,24.11,4.3,44161.06,2,February,Customer_1013,Coimbatore
58,1056,2024-02-27,Monitor,Accessories,7,31509.98,6.61,5.0,205990.19,2,February,Customer_1056,Chennai
59,1051,2024-02-28,Laptop,Electronics,6,79889.46,10.75,3.4,427808.06,2,February,Customer_1051,Coimbatore
60,1079,2024-02-29,Phone,Electronics,2,15810.97,10.81,2.9,28203.61,2,February,Customer_1079,Hyderabad
61,1100,2024-03-01,Laptop,Accessories,5,12740.1,6.33,3.8,59668.26,3,March,Customer_1100,Chennai
62,1067,2024-03-02,Monitor,Electronics,5,34112.63,19.39,3.8,137490.96,3,March,Customer_1067,Madurai
63,1041,2024-03-03,Laptop,Accessories,2,49763.65,19.3,2.9,80318.53,3,March,Customer_1041,Chennai
64,1041,2024-03-04,Phone,Accessories,4,74665.61,9.46,4.0,270408.97,3,March,Customer_1041,Chennai
65,1042,2024-03-05,Tablet,Accessories,4,78475.28,20.88,2.5,248358.57,3,March,Customer_1042,Coimbatore
66,1082,2024-03-06,Monitor,Electronics,3,6036.43,5.33,4.8,17144.06,3,March,Customer_1082,Hyderabad
67,1033,2024-03-07,Tablet,Electronics,6,11470.8,0.11,3.2,68749.09,3,March,Customer_1033,Chennai
68,1017,2024-03-08,Keyboard,Electronics,5,63363.67,14.28,2.6,271576.69,3,March,Customer_1017,Hyderabad
69,1034,2024-03-09,Keyboard,Accessories,4,22015.26,24.85,2.8,66177.87,3,March,Customer_1034,Hyderabad
70,1003,2024-03-10,Laptop,Accessories,6,70845.5,0.97,3.1,420949.79,3,March,Customer_1003,Coimbatore
71,1011,2024-03-11,Keyboard,Accessories,6,53244.53,5.2,3.2,302854.89,3,March,Customer_1011,Hyderabad
72,1010,2024-03-12,Monitor,Accessories,4,9391.66,12.97,2.6,32694.25,3,March,Customer_1010,Chennai
73,1078,2024-03-13,Monitor,Electronics,2,66686.08,20.25,3.7,106364.3,3,March,Customer_1078,Bengaluru
74,1073,2024-03-14,Laptop,Electronics,6,14520.33,2.23,3.0,85179.16,3,March,Customer_1073,Hyderabad
75,1070,2024-03-15,Monitor,Electronics,6,34167.88,9.88,3.4,184752.56,3,March,Customer_1070,Hyderabad
76,1047,2024-03-16,Monitor,Electronics,7,44398.7,18.68,3.5,252735.16,3,March,Customer_1047,Hyderabad
77,1072,2024-03-17,Tablet,Electronics,2,40310.91,9.29,3.3,73132.05,3,March,Customer_1072,Chennai
78,1017,2024-03-18,Laptop,Electronics,3,55049.95,4.72,3.3,157354.78,3,March,Customer_1017,Hyderabad
79,1091,2024-03-19,Tablet,Electronics,7,52388.6,4.89,2.7,348787.58,3,March,Customer_1091,Hyderabad
80,1051,2024-03-20,Keyboard,Electronics,4,79367.34,10.25,2.6,284928.75,3,March,Customer_1051,Coimbatore
81,1094,2024-03-21,Monitor,Accessories,7,79954.04,11.99,3.0,492572.85,3,March,Customer_1094,Bengaluru
82,1016,2024-03-22,Laptop,Accessories,1,41558.52,21.55,4.4,32602.66,3,March,Customer_1016,Coimbatore
83,1050,2024-03-23,Keyboard,Accessories,1,8068.33,16.06,5.0,6772.56,3,March,Customer_1050,Coimbatore
84,1070,2024-03-24,Keyboard,Electronics,6,58363.54,17.26,4.8,289739.96,3,March,Customer_1070,Hyderabad
85,1050,2024-03-25,Laptop,Electronics,3,78144.79,24.57,3.8,176833.85,3,March,Customer_1050,Coimbatore
86,1045,2024-03-26,Keyboard,Electronics,4,25806.95,10.3,3.8,92595.34,3,March,Customer_1045,Chennai
87,1017,2024-03-27,Tablet,Electronics,3,37166.11,10.08,3.3,100259.3,3,March,Customer_1017,Hyderabad
88,1039,2024-03-28,Tablet,Accessories,3,34269.77,23.08,4.4,79080.92,3,March,Customer_1039,Bengaluru
89,1024,2024-03-29,Tablet,Accessories,7,4587.82,6.15,4.4,30139.68,3,March,Customer_1024,Madurai
90,1031,2024-03-30,Monitor,Electronics,1,53945.02,18.25,4.6,44100.05,3,March,Customer_1031,Hyderabad
91,1069,2024-03-31,Keyboard,Electronics,6,28590.35,18.86,4.7,139189.26,3,March,Customer_1069,Chennai
92,1064,2024-04-01,Monitor,Electronics,7,63103.38,2.44,3.6,430945.6,4,April,Customer_1064,Madurai
93,1061,2024-04-02,Keyboard,Electronics,5,66653.55,11.71,4.4,294242.1,4,April,Customer_1061,Madurai
94,1037,2024-04-03,Keyboard,Accessories,3,65787.85,5.01,4.5,187475.64,4,April,Customer_1037,Madurai
95,1096,2024-04-04,Laptop,Accessories,2,33624.95,4.63,3.3,64136.23,4,April,Customer_1096,Bengaluru
96,1009,2024-04-05,Phone,Accessories,5,26062.88,11.6,4.8,115197.93,4,April,Customer_1009,Bengaluru
97,1035,2024-04-06,Monitor,Accessories,4,60031.25,7.24,2.7,222739.95,4,April,Customer_1035,Madurai
98,1012,2024-04-07,Tablet,Accessories,2,64210.46,19.9,5.0,102865.16,4,April,Customer_1012,Madurai
99,1034,2024-04-08,Laptop,Accessories,3,39554.97,22.69,4.4,91739.84,4,April,Customer_1034,Hyderabad
100,1097,2024-04-09,Laptop,Accessories,7,71495.97,20.07,2.7,400027.1,4,April,Customer_1097,Bengaluru
101,1037,2024-04-10,Tablet,Accessories,2,11940.74,6.65,4.1,22293.36,4,April,Customer_1037,Madurai
102,1091,2024-04-11,Monitor,Electronics,2,70385.97,6.85,2.6,131129.06,4,April,Customer_1091,Hyderabad
103,1050,2024-04-12,Laptop,Accessories,5,8139.57,6.37,4.4,38105.4,4,April,Customer_1050,Coimbatore
104,1070,2024-04-13,Laptop,Accessories,2,12705.28,3.38,4.5,24551.68,4,April,Customer_1070,Hyderabad
105,1046,2024-04-14,Laptop,Accessories,7,42940.28,23.59,4.0,229674.68,4,April,Customer_1046,Madurai
106,1027,2024-04-15,Tablet,Accessories,7,5867.72,10.05,4.6,36946.1,4,April,Customer_1027,Hyderabad
107,1077,2024-04-16,Laptop,Accessories,7,4698.16,5.62,2.7,31038.86,4,April,Customer_1077,Bengaluru
108,1097,2024-04-17,Tablet,Accessories,7,541.24,21.17,3.2,2986.62,4,April,Customer_1097,Bengaluru
109,1027,2024-04-18,Tablet,Electronics,2,35187.17,9.98,3.5,63350.98,4,April,Customer_1027,Hyderabad
110,1078,2024-04-19,Tablet,Accessories,2,62082.6,0.88,2.6,123072.55,4,April,Customer_1078,Bengaluru
111,1027,2024-04-20,Monitor,Accessories,3,3269.65,4.05,3.6,9411.69,4,April,Customer_1027,Hyderabad
112,1072,2024-04-21,Tablet,Accessories,4,52354.48,15.98,3.2,175952.94,4,April,Customer_1072,Chennai
113,1079,2024-04-22,Monitor,Electronics,7,65938.62,19.57,3.5,371241.02,4,April,Customer_1079,Hyderabad
114,1045,2024-04-23,Monitor,Accessories,6,13856.07,5.27,3.6,78755.13,4,April,Customer_1045,Chennai
115,1074,2024-04-24,Keyboard,Electronics,5,12175.67,22.93,4.7,46918.94,4,April,Customer_1074,Chennai
116,1028,2024-04-25,Monitor,Electronics,7,68933.68,21.27,3.2,379900.4,4,April,Customer_1028,Madurai
117,1008,2024-04-26,Tablet,Accessories,5,65938.41,21.21,4.7,259764.37,4,April,Customer_1008,Coimbatore
118,1010,2024-04-27,Tablet,Accessories,3,43345.87,5.69,3.6,122638.47,4,April,Customer_1010,Chennai
119,1045,2024-04-28,Phone,Accessories,3,65626.39,1.26,3.3,194398.49,4,April,Customer_1045,Chennai
120,1091,2024-04-29,Tablet,Electronics,4,7874.11,21.69,3.8,24664.86,4,April,Customer_1091,Hyderabad
121,1013,2024-04-30,Laptop,Accessories,1,31861.28,7.65,3.5,29423.89,4,April,Customer_1013,Coimbatore
122,1046,2024-05-01,Keyboard,Accessories,6,59154.91,15.47,3.1,300021.87,5,May,Customer_1046,Madurai
123,1071,2024-05-02,Keyboard,Accessories,5,20967.43,19.0,3.8,84918.09,5,May,Customer_1071,Coimbatore
124,1021,2024-05-03,Laptop,Accessories,6,60310.15,3.21,2.9,350245.17,5,May,Customer_1021,Hyderabad
125,1073,2024-05-04,Monitor,Electronics,4,40582.2,19.52,3.4,130642.22,5,May,Customer_1073,Hyderabad
126,1031,2024-05-05,Laptop,Accessories,6,60146.15,23.46,3.9,276215.18,5,May,Customer_1031,Hyderabad
127,1081,2024-05-06,Monitor,Electronics,7,37442.03,18.21,3.5,214366.85,5,May,Customer_1081,Madurai
128,1058,2024-05-07,Laptop,Accessories,4,29748.4,11.03,4.6,105868.61,5,May,Customer_1058,Chennai
129,1055,2024-05-08,Tablet,Electronics,4,17925.54,21.92,3.1,55985.05,5,May,Customer_1055,Hyderabad
130,1018,2024-05-09,Monitor,Electronics,1,17066.16,13.19,4.9,14815.13,5,May,Customer_1018,Chennai
131,1047,2024-05-10,Monitor,Accessories,6,60243.52,18.62,4.5,294157.06,5,May,Customer_1047,Hyderabad
132,1086,2024-05-11,Tablet,Accessories,7,9953.37,20.51,4.9,55383.54,5,May,Customer_1086,Coimbatore
133,1002,2024-05-12,Keyboard,Accessories,5,7335.6,18.73,4.6,29808.21,5,May,Customer_1002,Coimbatore
134,1076,2024-05-13,Monitor,Accessories,7,14515.16,7.2,2.9,94290.48,5,May,Customer_1076,Hyderabad
135,1050,2024-05-14,Phone,Accessories,7,14440.05,2.95,3.8,98098.48,5,May,Customer_1050,Coimbatore
136,1072,2024-05-15,Monitor,Electronics,6,65937.06,5.96,2.9,372043.27,5,May,Customer_1072,Chennai
137,1067,2024-05-16,Monitor,Electronics,4,32181.28,12.57,4.5,112544.37,5,May,Customer_1067,Madurai
138,1044,2024-05-17,Phone,Electronics,1,79235.88,12.63,4.0,69228.39,5,May,Customer_1044,Bengaluru
139,1031,2024-05-18,Monitor,Electronics,1,11408.29,14.57,3.2,9746.1,5,May,Customer_1031,Hyderabad
140,1063,2024-05-19,Keyboard,Electronics,2,52456.42,9.88,4.8,94547.45,5,May,Customer_1063,Bengaluru
141,1015,2024-05-20,Keyboard,Accessories,4,36174.0,19.67,2.8,116234.3,5,May,Customer_1015,Coimbatore
142,1059,2024-05-21,Monitor,Accessories,6,31737.0,22.83,3.9,146948.66,5,May,Customer_1059,Coimbatore
143,1010,2024-05-22,Monitor,Accessories,4,70069.19,6.17,4.3,262983.68,5,May,Customer_1010,Chennai
144,1065,2024-05-23,Phone,Electronics,1,78059.85,18.41,2.6,63689.03,5,May,Customer_1065,Hyderabad
145,1063,2024-05-24,Monitor,Accessories,2,69892.29,12.495000000000001,4.0,116091.09,5,May,Customer_1063,Bengaluru
146,1009,2024-05-25,Phone,Accessories,7,15787.9,13.08,4.5,96059.9,5,May,Customer_1009,Bengaluru
147,1076,2024-05-26,Tablet,Accessories,7,18053.43,4.71,2.7,120421.79,5,May,Customer_1076,Hyderabad
148,1042,2024-05-27,Phone,Electronics,3,52657.87,19.88,3.8,126568.46,5,May,Customer_1042,Coimbatore
149,1079,2024-05-28,Phone,Electronics,6,23482.14,24.02,3.1,107050.38,5,May,Customer_1079,Hyderabad
150,1005,2024-05-29,Laptop,Accessories,6,58910.65,18.05,4.2,289663.67,5,May,Customer_1005,Hyderabad
151,1018,2024-05-30,Keyboard,Electronics,7,45530.44,22.95,2.8,245568.43,5,May,Customer_1018,Chennai
152,1050,2024-05-31,Laptop,Electronics,7,44297.25,24.6,4.8,233800.89,5,May,Customer_1050,Coimbatore
153,1019,2024-06-01,Laptop,Electronics,5,66369.48,8.8,4.7,302644.83,6,June,Customer_1019,Madurai
154,1033,2024-06-02,Keyboard,Accessories,3,56987.36,15.96,3.0,143676.53,6,June,Customer_1033,Chennai
155,1067,2024-06-03,Tablet,Accessories,5,2612.93,11.85,3.3,11516.49,6,June,Customer_1067,Madurai
156,1015,2024-06-04,Tablet,Electronics,3,4432.0,24.67,4.0,10015.88,6,June,Customer_1015,Coimbatore
157,1068,2024-06-05,Monitor,Electronics,3,48323.9,2.35,4.3,141564.87,6,June,Customer_1068,Bengaluru
158,1011,2024-06-06,Phone,Accessories,5,39152.27,10.31,3.6,175578.35,6,June,Customer_1011,Hyderabad
159,1018,2024-06-07,Laptop,Accessories,4,21184.68,21.89,2.9,66189.41,6,June,Customer_1018,Chennai
160,1059,2024-06-08,Monitor,Accessories,5,33783.16,7.1,2.8,156922.78,6,June,Customer_1059,Coimbatore
161,1080,2024-06-09,Laptop,Electronics,3,60753.87,19.69,5.0,146374.3,6,June,Customer_1080,Coimbatore
162,1018,2024-06-10,Tablet,Accessories,3,66215.61,9.57,3.6,179636.33,6,June,Customer_1018,Chennai
163,1030,2024-06-11,Keyboard,Electronics,1,45117.23,24.5,4.7,34063.51,6,June,Customer_1030,Hyderabad
164,1093,2024-06-12,Keyboard,Accessories,5,31136.87,22.09,3.7,121293.68,6,June,Customer_1093,Madurai
165,1099,2024-06-13,Phone,Electronics,5,22020.39,7.53,4.8,101811.27,6,June,Customer_1099,Coimbatore
166,1059,2024-06-14,Monitor,Electronics,7,41992.52,19.25,2.7,237362.72,6,June,Customer_1059,Coimbatore
167,1045,2024-06-15,Monitor,Electronics,4,25522.59,8.42,2.8,93494.35,6,June,Customer_1045,Chennai
168,1035,2024-06-16,Tablet,Electronics,4,45345.56,15.16,4.8,153884.69,6,June,Customer_1035,Madurai
169,1062,2024-06-17,Laptop,Accessories,1,54293.86,16.46,4.9,45357.09,6,June,Customer_1062,Coimbatore
170,1060,2024-06-18,Phone,Electronics,2,5753.3,20.74,3.3,9120.13,6,June,Customer_1060,Coimbatore
171,1030,2024-06-19,Monitor,Electronics,3,584.86,0.61,3.4,1743.88,6,June,Customer_1030,Hyderabad
172,1003,2024-06-20,Keyboard,Electronics,3,17376.03,5.5,3.6,49261.05,6,June,Customer_1003,Coimbatore
173,1016,2024-06-21,Laptop,Accessories,3,71613.66,17.8,3.5,176599.29,6,June,Customer_1016,Coimbatore
174,1096,2024-06-22,Monitor,Accessories,3,51880.12,14.09,3.0,133710.63,6,June,Customer_1096,Bengaluru
175,1042,2024-06-23,Keyboard,Accessories,6,14170.85,12.39,4.7,74490.49,6,June,Customer_1042,Coimbatore
176,1049,2024-06-24,Keyboard,Accessories,1,71275.98,1.38,3.1,70292.37,6,June,Customer_1049,Coimbatore
177,1047,2024-06-25,Tablet,Accessories,3,37861.5,8.71,4.3,103691.29,6,June,Customer_1047,Hyderabad
178,1079,2024-06-26,Laptop,Accessories,2,38349.29,21.63,2.7,60108.68,6,June,Customer_1079,Hyderabad
179,1007,2024-06-27,Phone,Electronics,3,74875.58,0.77,2.6,222897.11,6,June,Customer_1007,Chennai
180,1009,2024-06-28,Keyboard,Accessories,5,5229.19,9.91,4.1,23554.89,6,June,Customer_1009,Bengaluru
181,1028,2024-06-29,Keyboard,Accessories,1,17606.67,23.63,3.3,13446.21,6,June,Customer_1028,Madurai
182,1049,2024-06-30,Monitor,Accessories,3,47068.82,1.27,4.1,139413.14,6,June,Customer_1049,Coimbatore
183,1068,2024-07-01,Laptop,Electronics,1,16041.18,18.74,2.7,13035.06,7,July,Customer_1068,Bengaluru
184,1050,2024-07-02,Laptop,Accessories,7,54522.4,6.44,4.9,357078.1,7,July,Customer_1050,Coimbatore
185,1045,2024-07-03,Tablet,Electronics,6,17520.34,21.67,4.4,82342.09,7,July,Customer_1045,Chennai
186,1094,2024-07-04,Tablet,Electronics,2,8382.98,18.65,4.7,13639.11,7,July,Customer_1094,Bengaluru
187,1017,2024-07-05,Laptop,Accessories,2,16955.32,22.14,2.8,26402.82,7,July,Customer_1017,Hyderabad
188,1058,2024-07-06,Monitor,Electronics,1,34107.36,5.4,3.3,32265.56,7,July,Customer_1058,Chennai
189,1055,2024-07-07,Tablet,Electronics,4,14502.99,13.28,3.7,50307.97,7,July,Customer_1055,Hyderabad
190,1048,2024-07-08,Laptop,Accessories,6,11208.02,19.48,3.8,54148.19,7,July,Customer_1048,Madurai
191,1081,2024-07-09,Laptop,Electronics,5,68892.41,6.14,3.2,323312.08,7,July,Customer_1081,Madurai
192,1027,2024-07-10,Tablet,Accessories,7,25971.58,5.77,2.7,171311.14,7,July,Customer_1027,Hyderabad
193,1096,2024-07-11,Monitor,Electronics,3,29180.32,0.68,3.4,86945.68,7,July,Customer_1096,Bengaluru
194,1034,2024-07-12,Keyboard,Electronics,2,4894.0,23.96,3.1,7442.8,7,July,Customer_1034,Hyderabad
195,1055,2024-07-13,Tablet,Accessories,4,28910.89,17.75,3.5,95116.83,7,July,Customer_1055,Hyderabad
196,1053,2024-07-14,Phone,Accessories,2,21552.17,15.89,3.0,36255.06,7,July,Customer_1053,Bengaluru
197,1085,2024-07-15,Keyboard,Electronics,7,49033.56,18.6,3.2,279393.22,7,July,Customer_1085,Coimbatore
198,1044,2024-07-16,Tablet,Accessories,2,16828.53,13.29,4.1,29184.04,7,July,Customer_1044,Bengaluru
199,1029,2024-07-17,Phone,Accessories,4,71125.05,11.9,3.5,250644.68,7,July,Customer_1029,Hyderabad
200,1003,2024-07-18,Tablet,Electronics,4,74408.5,11.24,3.4,264179.94,7,July,Customer_1003,Coimbatore
201,1037,2024-07-19,Laptop,Accessories,1,8436.57,16.01,3.8,7085.88,7,July,Customer_1037,Madurai
202,1083,2024-07-20,Phone,Electronics,4,9038.54,5.04,4.4,34331.99,7,July,Customer_1083,Chennai
203,1001,2024-07-21,Tablet,Accessories,4,9668.45,22.2,3.4,30088.22,7,July,Customer_1001,Chennai
204,1090,2024-07-22,Keyboard,Accessories,2,49755.76,20.29,4.0,79320.63,7,July,Customer_1090,Madurai
205,1055,2024-07-23,Monitor,Accessories,1,10196.53,8.74,4.9,9305.35,7,July,Customer_1055,Hyderabad
206,1015,2024-07-24,Monitor,Accessories,1,68264.39,14.47,3.8,58386.53,7,July,Customer_1015,Coimbatore
207,1031,2024-07-25,Tablet,Electronics,1,60464.59,3.53,4.8,58330.19,7,July,Customer_1031,Hyderabad
208,1056,2024-07-26,Laptop,Electronics,4,65674.8,24.31,4.5,198837.02,7,July,Customer_1056,Chennai
209,1032,2024-07-27,Phone,Electronics,1,42321.81,22.57,2.6,32769.78,7,July,Customer_1032,Bengaluru
210,1011,2024-07-28,Keyboard,Accessories,7,79735.84,23.05,3.6,429497.1,7,July,Customer_1011,Hyderabad
211,1067,2024-07-29,Laptop,Accessories,2,4011.92,8.3,4.2,7357.86,7,July,Customer_1067,Madurai
212,1068,2024-07-30,Keyboard,Electronics,5,32400.56,4.23,5.0,155150.08,7,July,Customer_1068,Bengaluru
213,1012,2024-07-31,Monitor,Accessories,5,26252.97,5.29,3.6,124320.94,7,July,Customer_1012,Madurai
214,1029,2024-08-01,Phone,Accessories,4,75917.32,2.25,2.7,296836.72,8,August,Customer_1029,Hyderabad
215,1025,2024-08-02,Monitor,Accessories,7,46360.45,3.0,3.9,314787.46,8,August,Customer_1025,Coimbatore
216,1066,2024-08-03,Keyboard,Electronics,1,64592.18,1.78,2.8,63442.44,8,August,Customer_1066,Bengaluru
217,1074,2024-08-04,Laptop,Accessories,2,14042.12,24.75,4.4,21133.39,8,August,Customer_1074,Chennai
218,1073,2024-08-05,Laptop,Accessories,2,78301.41,1.85,3.8,153705.67,8,August,Customer_1073,Hyderabad
219,1094,2024-08-06,Monitor,Electronics,1,40141.84,3.31,4.3,38813.15,8,August,Customer_1094,Bengaluru
220,1077,2024-08-07,Keyboard,Electronics,3,39746.93,20.68,4.7,94581.79,8,August,Customer_1077,Bengaluru
221,1033,2024-08-08,Laptop,Electronics,3,77685.34,14.51,4.1,199239.59,8,August,Customer_1033,Chennai
222,1011,2024-08-09,Monitor,Electronics,6,30768.22,19.36,4.0,148868.96,8,August,Customer_1011,Hyderabad
223,1062,2024-08-10,Laptop,Accessories,3,32103.24,15.77,4.4,81121.68,8,August,Customer_1062,Coimbatore
224,1092,2024-08-11,Monitor,Accessories,7,46987.84,22.05,4.6,256389.15,8,August,Customer_1092,Madurai
225,1098,2024-08-12,Monitor,Accessories,6,10680.18,15.96,4.7,53853.74,8,August,Customer_1098,Coimbatore
226,1024,2024-08-13,Laptop,Electronics,7,26026.31,13.05,2.6,158409.14,8,August,Customer_1024,Madurai
227,1024,2024-08-14,Monitor,Accessories,1,15860.06,17.82,3.9,13033.8,8,August,Customer_1024,Madurai
228,1004,2024-08-15,Keyboard,Electronics,7,8711.04,11.18,3.0,54160.02,8,August,Customer_1004,Hyderabad
229,1015,2024-08-16,Keyboard,Accessories,5,69358.5,8.65,4.7,316794.95,8,August,Customer_1015,Coimbatore
230,1056,2024-08-17,Laptop,Electronics,7,47351.83,11.69,4.1,292714.81,8,August,Customer_1056,Chennai
231,1055,2024-08-18,Phone,Electronics,3,29014.49,4.24,3.6,83352.83,8,August,Customer_1055,Hyderabad
232,1038,2024-08-19,Phone,Accessories,7,32989.22,19.91,3.0,184947.46,8,August,Customer_1038,Madurai
233,1031,2024-08-20,Tablet,Electronics,5,34805.76,6.52,3.3,162682.12,8,August,Customer_1031,Hyderabad
234,1083,2024-08-21,Laptop,Accessories,1,50835.36,3.84,4.3,48883.28,8,August,Customer_1083,Chennai
235,1047,2024-08-22,Keyboard,Accessories,3,74178.17,6.16,3.0,208826.38,8,August,Customer_1047,Hyderabad
236,1081,2024-08-23,Monitor,Accessories,1,74655.98,21.05,2.7,58940.9,8,August,Customer_1081,Madurai
237,1097,2024-08-24,Keyboard,Accessories,7,31623.61,8.26,4.7,203080.5,8,August,Customer_1097,Bengaluru
238,1032,2024-08-25,Laptop,Electronics,3,26676.37,17.15,4.4,66304.12,8,August,Customer_1032,Bengaluru
239,1021,2024-08-26,Laptop,Accessories,2,36358.2,21.41,3.0,57147.82,8,August,Customer_1021,Hyderabad
240,1096,2024-08-27,Keyboard,Electronics,4,45650.77,1.94,3.2,179060.58,8,August,Customer_1096,Bengaluru
241,1064,2024-08-28,Phone,Accessories,3,37214.52,19.13,4.9,90286.15,8,August,Customer_1064,Madurai
242,1030,2024-08-29,Monitor,Electronics,1,52870.9,7.69,4.3,48805.13,8,August,Customer_1030,Hyderabad
243,1063,2024-08-30,Keyboard,Electronics,6,44574.72,5.42,4.0,252952.62,8,August,Customer_1063,Bengaluru
244,1052,2024-08-31,Laptop,Accessories,6,25996.89,17.22,3.3,129121.35,8,August,Customer_1052,Chennai
245,1091,2024-09-01,Laptop,Electronics,6,27985.6,22.74,3.2,129730.05,9,September,Customer_1091,Hyderabad
246,1026,2024-09-02,Laptop,Accessories,5,30598.13,7.38,2.6,141699.94,9,September,Customer_1026,Coimbatore
247,1100,2024-09-03,Laptop,Accessories,3,8023.86,14.22,4.3,20648.6,9,September,Customer_1100,Chennai
248,1094,2024-09-04,Laptop,Accessories,4,13701.98,7.25,2.6,50834.35,9,September,Customer_1094,Bengaluru
249,1019,2024-09-05,Keyboard,Accessories,4,57987.55,13.86,2.5,199801.9,9,September,Customer_1019,Madurai
250,1017,2024-09-06,Monitor,Accessories,2,31433.19,15.55,4.3,53090.66,9,September,Customer_1017,Hyderabad
251,1054,2024-09-07,Keyboard,Electronics,1,17555.85,15.26,4.9,14876.83,9,September,Customer_1054,Hyderabad
252,1005,2024-09-08,Keyboard,Electronics,2,45232.46,15.59,4.4,76361.44,9,September,Customer_1005,Hyderabad
253,1030,2024-09-09,Keyboard,Electronics,4,60565.39,3.38,3.7,234073.12,9,September,Customer_1030,Hyderabad
254,1044,2024-09-10,Phone,Accessories,2,20965.08,17.34,3.7,34659.47,9,September,Customer_1044,Bengaluru
255,1097,2024-09-11,Phone,Electronics,1,66229.8,16.87,3.6,55056.83,9,September,Customer_1097,Bengaluru
256,1100,2024-09-12,Keyboard,Electronics,6,74236.64,17.06,3.3,369431.22,9,September,Customer_1100,Chennai
257,1016,2024-09-13,Phone,Electronics,3,47992.87,1.85,3.8,141315.01,9,September,Customer_1016,Coimbatore
258,1090,2024-09-14,Laptop,Electronics,5,53681.34,11.17,3.6,238425.67,9,September,Customer_1090,Madurai
259,1010,2024-09-15,Monitor,Electronics,4,4679.79,10.23,4.0,16804.19,9,September,Customer_1010,Chennai
260,1075,2024-09-16,Keyboard,Electronics,6,75668.83,2.17,4.7,444160.9,9,September,Customer_1075,Coimbatore
261,1085,2024-09-17,Keyboard,Electronics,6,31702.54,5.56,5.0,179639.27,9,September,Customer_1085,Coimbatore
262,1090,2024-09-18,Keyboard,Electronics,3,73950.08,11.02,2.7,197402.34,9,September,Customer_1090,Madurai
263,1023,2024-09-19,Laptop,Electronics,6,46528.71,18.57,3.5,227329.97,9,September,Customer_1023,Chennai
264,1090,2024-09-20,Monitor,Electronics,3,867.19,5.93,3.0,2447.3,9,September,Customer_1090,Madurai
265,1012,2024-09-21,Keyboard,Accessories,6,3564.09,20.74,3.4,16949.39,9,September,Customer_1012,Madurai
266,1052,2024-09-22,Monitor,Electronics,3,54593.3,13.64,3.2,141440.32,9,September,Customer_1052,Chennai
267,1047,2024-09-23,Keyboard,Electronics,1,45232.11,19.01,2.9,36633.49,9,September,Customer_1047,Hyderabad
268,1032,2024-09-24,Keyboard,Electronics,6,2609.33,11.81,4.4,13807.01,9,September,Customer_1032,Bengaluru
269,1003,2024-09-25,Tablet,Accessories,1,59605.07,12.48,3.7,52166.36,9,September,Customer_1003,Coimbatore
270,1078,2024-09-26,Laptop,Accessories,6,68245.55,15.49,4.8,346045.89,9,September,Customer_1078,Bengaluru
271,1034,2024-09-27,Tablet,Accessories,1,39965.19,23.2,2.6,30693.27,9,September,Customer_1034,Hyderabad
272,1067,2024-09-28,Phone,Electronics,2,37527.72,12.3,2.7,65823.62,9,September,Customer_1067,Madurai
273,1042,2024-09-29,Laptop,Electronics,5,935.11,13.22,3.5,4057.44,9,September,Customer_1042,Coimbatore
274,1038,2024-09-30,Laptop,Electronics,7,63038.65,15.05,2.7,374859.33,9,September,Customer_1038,Madurai
275,1089,2024-10-01,Monitor,Accessories,3,26791.93,18.44,3.2,65554.49,10,October,Customer_1089,Coimbatore
276,1010,2024-10-02,Tablet,Accessories,1,70361.71,1.8,5.0,69095.2,10,October,Customer_1010,Chennai
277,1074,2024-10-03,Tablet,Accessories,2,30158.32,12.89,3.0,52541.83,10,October,Customer_1074,Chennai
278,1075,2024-10-04,Monitor,Accessories,7,45423.69,12.04,3.0,279682.74,10,October,Customer_1075,Coimbatore
279,1038,2024-10-05,Tablet,Accessories,6,21992.17,23.04,3.9,101551.04,10,October,Customer_1038,Madurai
280,1027,2024-10-06,Monitor,Accessories,1,13266.77,12.34,3.7,11629.65,10,October,Customer_1027,Hyderabad
281,1001,2024-10-07,Laptop,Accessories,3,62105.18,11.71,4.0,164497.99,10,October,Customer_1001,Chennai
282,1094,2024-10-08,Keyboard,Electronics,2,39978.94,24.05,3.4,60728.01,10,October,Customer_1094,Bengaluru
283,1095,2024-10-09,Tablet,Electronics,2,43150.79,11.26,4.6,76584.02,10,October,Customer_1095,Madurai
284,1025,2024-10-10,Laptop,Accessories,6,77250.57,4.52,2.8,442553.07,10,October,Customer_1025,Coimbatore
285,1004,2024-10-11,Keyboard,Electronics,5,77104.6,5.42,3.6,364627.65,10,October,Customer_1004,Hyderabad
286,1013,2024-10-12,Monitor,Electronics,2,68523.55,2.38,4.2,133785.38,10,October,Customer_1013,Coimbatore
287,1007,2024-10-13,Laptop,Accessories,5,15414.94,0.01,4.7,77066.99,10,October,Customer_1007,Chennai
288,1084,2024-10-14,Laptop,Electronics,3,47744.68,10.8,3.4,127764.76,10,October,Customer_1084,Madurai
289,1090,2024-10-15,Laptop,Accessories,1,70312.72,19.23,3.9,56791.58,10,October,Customer_1090,Madurai
290,1016,2024-10-16,Phone,Accessories,4,30269.88,18.34,2.7,98873.54,10,October,Customer_1016,Coimbatore
291,1075,2024-10-17,Laptop,Electronics,2,8537.94,0.8,2.9,16939.27,10,October,Customer_1075,Coimbatore
292,1018,2024-10-18,Monitor,Accessories,2,64971.55,14.25,2.7,111426.21,10,October,Customer_1018,Chennai
293,1037,2024-10-19,Tablet,Accessories,7,38800.2,3.86,4.3,261117.59,10,October,Customer_1037,Madurai
294,1060,2024-10-20,Keyboard,Accessories,5,45369.22,23.53,3.2,173469.21,10,October,Customer_1060,Coimbatore
295,1072,2024-10-21,Monitor,Electronics,1,78580.47,4.18,4.3,75295.81,10,October,Customer_1072,Chennai
296,1088,2024-10-22,Monitor,Accessories,6,48773.31,15.67,2.7,246783.19,10,October,Customer_1088,Bengaluru
297,1005,2024-10-23,Tablet,Accessories,5,34285.86,8.16,4.7,157440.67,10,October,Customer_1005,Hyderabad
298,1020,2024-10-24,Laptop,Accessories,7,29913.76,16.04,4.6,175809.15,10,October,Customer_1020,Hyderabad
299,1029,2024-10-25,Laptop,Electronics,6,33700.73,10.31,2.7,181357.11,10,October,Customer_1029,Hyderabad
300,1032,2024-10-26,Monitor,Electronics,3,9912.73,18.99,2.6,24090.91,10,October,Customer_1032,Bengaluru
301,1100,2024-10-27,Laptop,Accessories,4,63682.67,5.77,2.6,240032.72,10,October,Customer_1100,Chennai
302,1078,2024-10-28,Laptop,Electronics,4,67098.49,22.64,4.6,207629.57,10,October,Customer_1078,Bengaluru
303,1033,2024-10-29,Phone,Electronics,6,23109.57,12.51,3.1,121311.38,10,October,Customer_1033,Chennai
304,1098,2024-10-30,Keyboard,Electronics,2,24651.83,18.9,3.9,39985.27,10,October,Customer_1098,Coimbatore
305,1050,2024-10-31,Tablet,Electronics,3,70009.57,21.24,3.6,165418.61,10,October,Customer_1050,Coimbatore
306,1051,2024-11-01,Monitor,Electronics,2,2405.64,24.97,4.5,3609.9,11,November,Customer_1051,Coimbatore
307,1044,2024-11-02,Tablet,Electronics,3,41876.37,5.6,3.7,118593.88,11,November,Customer_1044,Bengaluru
308,1015,2024-11-03,Laptop,Accessories,2,37362.22,7.17,3.8,69366.7,11,November,Customer_1015,Coimbatore
309,1094,2024-11-04,Phone,Electronics,1,55365.08,6.26,5.0,51899.23,11,November,Customer_1094,Bengaluru
310,1002,2024-11-05,Laptop,Electronics,7,13489.64,6.57,2.9,88223.59,11,November,Customer_1002,Coimbatore
311,1018,2024-11-06,Monitor,Electronics,1,53632.29,14.56,4.6,45823.43,11,November,Customer_1018,Chennai
312,1023,2024-11-07,Laptop,Accessories,7,30450.35,24.84,2.6,160205.38,11,November,Customer_1023,Chennai
313,1028,2024-11-08,Phone,Electronics,1,49687.82,24.76,3.7,37385.12,11,November,Customer_1028,Madurai
314,1014,2024-11-09,Keyboard,Accessories,6,3687.55,13.17,4.7,19211.4,11,November,Customer_1014,Coimbatore
315,1002,2024-11-10,Tablet,Accessories,3,37207.31,15.98,4.2,93784.75,11,November,Customer_1002,Coimbatore
316,1068,2024-11-11,Tablet,Accessories,4,42018.95,21.5,4.2,131939.5,11,November,Customer_1068,Bengaluru
317,1097,2024-11-12,Tablet,Accessories,2,17538.95,23.32,3.2,26897.73,11,November,Customer_1097,Bengaluru
318,1013,2024-11-13,Monitor,Electronics,4,11600.08,5.1,3.5,44033.9,11,November,Customer_1013,Coimbatore
319,1030,2024-11-14,Phone,Accessories,4,15483.71,13.21,3.4,53753.25,11,November,Customer_1030,Hyderabad
320,1051,2024-11-15,Monitor,Electronics,4,27859.22,20.82,3.8,88235.72,11,November,Customer_1051,Coimbatore
321,1093,2024-11-16,Keyboard,Accessories,3,8196.41,7.58,3.7,22725.37,11,November,Customer_1093,Madurai
322,1070,2024-11-17,Tablet,Accessories,4,75811.92,11.0,3.3,269890.44,11,November,Customer_1070,Hyderabad
323,1077,2024-11-18,Tablet,Accessories,6,32697.03,24.64,3.3,147842.89,11,November,Customer_1077,Bengaluru
324,1059,2024-11-19,Laptop,Accessories,4,64813.08,24.63,3.1,195398.47,11,November,Customer_1059,Coimbatore
325,1042,2024-11-20,Phone,Electronics,3,77966.16,22.65,3.4,180920.47,11,November,Customer_1042,Coimbatore
326,1020,2024-11-21,Keyboard,Accessories,1,6918.45,19.96,2.9,5537.53,11,November,Customer_1020,Hyderabad
327,1087,2024-11-22,Tablet,Accessories,3,52307.72,6.73,4.7,146362.23,11,November,Customer_1087,Chennai
328,1081,2024-11-23,Phone,Accessories,1,69777.02,8.02,4.0,64180.9,11,November,Customer_1081,Madurai
329,1003,2024-11-24,Tablet,Electronics,2,50921.64,13.68,2.8,87911.12,11,November,Customer_1003,Coimbatore
330,1072,2024-11-25,Tablet,Accessories,7,34607.58,14.02,4.2,208289.18,11,November,Customer_1072,Chennai
331,1009,2024-11-26,Tablet,Electronics,1,34770.57,12.64,4.6,30375.57,11,November,Customer_1009,Bengaluru
332,1074,2024-11-27,Monitor,Electronics,4,3353.96,15.92,3.1,11280.04,11,November,Customer_1074,Chennai
333,1083,2024-11-28,Phone,Electronics,6,43000.76,10.21,2.9,231662.29,11,November,Customer_1083,Chennai
334,1014,2024-11-29,Monitor,Accessories,7,79486.67,18.73,2.5,452191.72,11,November,Customer_1014,Coimbatore
335,1044,2024-11-30,Tablet,Electronics,2,76717.25,8.34,2.6,140638.06,11,November,Customer_1044,Bengaluru
336,1013,2024-12-01,Keyboard,Electronics,2,3711.74,8.27,4.4,6809.56,12,December,Customer_1013,Coimbatore
337,1057,2024-12-02,Laptop,Electronics,3,56610.86,3.18,5.0,164431.9,12,December,Customer_1057,Hyderabad
338,1093,2024-12-03,Laptop,Accessories,4,24490.31,4.72,2.6,93337.47,12,December,Customer_1093,Madurai
339,1009,2024-12-04,Tablet,Electronics,7,72287.64,21.26,4.4,398435.01,12,December,Customer_1009,Bengaluru
340,1040,2024-12-05,Tablet,Accessories,2,4086.62,11.16,2.7,7261.11,12,December,Customer_1040,Coimbatore
341,1098,2024-12-06,Monitor,Accessories,2,74901.99,5.7,4.0,141265.15,12,December,Customer_1098,Coimbatore
342,1031,2024-12-07,Tablet,Accessories,2,67079.32,18.98,4.4,108695.33,12,December,Customer_1031,Hyderabad
343,1014,2024-12-08,Keyboard,Accessories,7,9841.6,13.85,3.4,59349.77,12,December,Customer_1014,Coimbatore
344,1049,2024-12-09,Tablet,Electronics,1,5256.03,0.53,2.5,5228.17,12,December,Customer_1049,Coimbatore
345,1051,2024-12-10,Laptop,Electronics,3,66859.26,7.91,4.0,184712.08,12,December,Customer_1051,Coimbatore
346,1067,2024-12-11,Laptop,Electronics,1,12882.73,4.43,5.0,12312.03,12,December,Customer_1067,Madurai
347,1032,2024-12-12,Keyboard,Accessories,2,43024.4,16.4,3.1,71936.8,12,December,Customer_1032,Bengaluru
348,1096,2024-12-13,Laptop,Accessories,7,73301.72,6.88,3.0,477809.93,12,December,Customer_1096,Bengaluru
349,1053,2024-12-14,Keyboard,Accessories,1,45612.13,1.62,2.8,44873.21,12,December,Customer_1053,Bengaluru
350,1029,2024-12-15,Phone,Electronics,3,32080.05,1.37,3.9,94921.66,12,December,Customer_1029,Hyderabad
351,1097,2024-12-16,Laptop,Electronics,7,35878.78,14.54,4.0,214634.04,12,December,Customer_1097,Bengaluru
352,1093,2024-12-17,Phone,Electronics,5,5517.82,0.54,4.5,27440.12,12,December,Customer_1093,Madurai
353,1050,2024-12-18,Monitor,Electronics,1,77515.81,21.22,4.4,61066.96,12,December,Customer_1050,Coimbatore
354,1003,2024-12-19,Tablet,Electronics,4,25197.01,3.88,4.7,96877.46,12,December,Customer_1003,Coimbatore
355,1060,2024-12-20,Monitor,Accessories,7,15554.4,15.16,4.5,92374.47,12,December,Customer_1060,Coimbatore
356,1056,2024-12-21,Monitor,Electronics,3,23240.76,11.12,3.1,61969.16,12,December,Customer_1056,Chennai
357,1015,2024-12-22,Tablet,Accessories,4,77167.67,11.07,3.9,274500.84,12,December,Customer_1015,Coimbatore
358,1064,2024-12-23,Monitor,Electronics,4,7995.74,1.79,3.2,31410.47,12,December,Customer_1064,Madurai
359,1085,2024-12-24,Keyboard,Electronics,5,69450.59,20.07,3.3,277559.28,12,December,Customer_1085,Coimbatore
360,1011,2024-12-25,Tablet,Accessories,2,56773.59,22.33,4.8,88192.09,12,December,Customer_1011,Hyderabad
361,1073,2024-12-26,Laptop,Accessories,6,66486.52,0.28,4.2,397802.15,12,December,Customer_1073,Hyderabad
362,1015,2024-12-27,Tablet,Electronics,7,78083.85,4.47,4.9,522154.51,12,December,Customer_1015,Coimbatore
363,1075,2024-12-28,Keyboard,Electronics,1,67451.3,22.6,3.5,52207.31,12,December,Customer_1075,Coimbatore
364,1042,2024-12-29,Phone,Electronics,6,75498.9,13.74,3.8,390752.11,12,December,Customer_1042,Coimbatore
365,1001,2024-12-30,Keyboard,Accessories,6,10591.35,3.75,3.7,61165.05,12,December,Customer_1001,Chennai
366,1097,2024-12-31,Tablet,Electronics,6,63765.19,5.07,2.8,363193.77,12,December,Customer_1097,Bengaluru
367,1017,2025-01-01,Monitor,Accessories,3,43881.22,16.5,3.1,109922.46,1,January,Customer_1017,Hyderabad
368,1060,2025-01-02,Phone,Electronics,4,43707.9,18.12,3.8,143152.11,1,January,Customer_1060,Coimbatore
369,1019,2025-01-03,Keyboard,Accessories,6,71964.27,14.99,2.7,367060.96,1,January,Customer_1019,Madurai
370,1094,2025-01-04,Laptop,Electronics,2,77758.4,23.83,4.8,118457.15,1,January,Customer_1094,Bengaluru
371,1074,2025-01-05,Phone,Accessories,6,56534.65,12.35,2.8,297315.72,1,January,Customer_1074,Chennai
372,1081,2025-01-06,Tablet,Accessories,7,38893.6,7.51,3.0,251808.83,1,January,Customer_1081,Madurai
373,1044,2025-01-07,Tablet,Electronics,5,36784.11,11.93,4.4,161978.83,1,January,Customer_1044,Bengaluru
374,1047,2025-01-08,Tablet,Electronics,3,31214.15,8.99,2.7,85223.99,1,January,Customer_1047,Hyderabad
375,1064,2025-01-09,Laptop,Accessories,4,29247.12,5.61,4.8,110425.43,1,January,Customer_1064,Madurai
376,1079,2025-01-10,Phone,Electronics,1,31624.79,1.15,4.3,31261.1,1,January,Customer_1079,Hyderabad
377,1085,2025-01-11,Laptop,Electronics,7,7635.38,8.81,2.7,48738.92,1,January,Customer_1085,Coimbatore
378,1002,2025-01-12,Tablet,Electronics,3,6656.17,17.79,4.2,16416.11,1,January,Customer_1002,Coimbatore
379,1067,2025-01-13,Phone,Electronics,1,62499.65,0.46,4.1,62212.15,1,January,Customer_1067,Madurai
380,1011,2025-01-14,Tablet,Electronics,6,35962.79,10.98,4.4,192084.45,1,January,Customer_1011,Hyderabad
381,1029,2025-01-15,Tablet,Electronics,5,74489.42,16.1,4.6,312483.12,1,January,Customer_1029,Hyderabad
382,1083,2025-01-16,Monitor,Electronics,5,49171.57,15.26,4.3,208339.94,1,January,Customer_1083,Chennai
383,1026,2025-01-17,Tablet,Electronics,1,3296.49,19.42,4.0,2656.31,1,January,Customer_1026,Coimbatore
384,1080,2025-01-18,Monitor,Electronics,6,13023.11,20.26,3.3,62307.77,1,January,Customer_1080,Coimbatore
385,1047,2025-01-19,Tablet,Electronics,5,16862.67,17.79,4.2,69314.01,1,January,Customer_1047,Hyderabad
386,1024,2025-01-20,Monitor,Accessories,6,78071.01,2.57,4.9,456387.51,1,January,Customer_1024,Madurai
387,1034,2025-01-21,Monitor,Electronics,6,17886.99,11.88,4.0,94572.09,1,January,Customer_1034,Hyderabad
388,1054,2025-01-22,Phone,Electronics,2,41502.58,15.09,4.2,70479.68,1,January,Customer_1054,Hyderabad
389,1077,2025-01-23,Phone,Electronics,2,74926.07,6.14,3.6,140651.22,1,January,Customer_1077,Bengaluru
390,1061,2025-01-24,Monitor,Accessories,7,78186.82,1.06,4.4,541506.28,1,January,Customer_1061,Madurai
391,1094,2025-01-25,Phone,Electronics,4,19290.65,5.59,5.0,72849.21,1,January,Customer_1094,Bengaluru
392,1087,2025-01-26,Tablet,Electronics,4,4404.85,11.37,2.9,15616.07,1,January,Customer_1087,Chennai
393,1076,2025-01-27,Laptop,Electronics,3,12711.35,10.35,3.0,34187.18,1,January,Customer_1076,Hyderabad
394,1061,2025-01-28,Tablet,Electronics,5,5534.61,4.42,3.8,26449.9,1,January,Customer_1061,Madurai
395,1029,2025-01-29,Tablet,Electronics,6,16012.38,20.61,3.7,76273.37,1,January,Customer_1029,Hyderabad
396,1042,2025-01-30,Monitor,Electronics,1,45701.29,23.14,3.9,35126.01,1,January,Customer_1042,Coimbatore
397,1012,2025-01-31,Tablet,Accessories,4,73039.68,5.03,2.6,277463.14,1,January,Customer_1012,Madurai
398,1038,2025-02-01,Phone,Accessories,7,43208.9,23.24,3.5,232170.06,2,February,Customer_1038,Madurai
399,1093,2025-02-02,Keyboard,Electronics,2,50266.17,0.45,4.0,100079.94,2,February,Customer_1093,Madurai
400,1043,2025-02-03,Tablet,Accessories,2,16548.45,23.12,4.0,25444.9,2,February,Customer_1043,Coimbatore
401,1012,2025-02-04,Keyboard,Accessories,7,64146.4,23.8,4.1,342156.9,2,February,Customer_1012,Madurai
402,1066,2025-02-05,Monitor,Electronics,1,49614.22,0.3,4.3,49465.38,2,February,Customer_1066,Bengaluru
403,1097,2025-02-06,Tablet,Electronics,3,69198.88,19.08,4.1,167987.2,2,February,Customer_1097,Bengaluru
404,1087,2025-02-07,Keyboard,Electronics,4,75933.03,24.26,4.5,230046.71,2,February,Customer_1087,Chennai
405,1028,2025-02-08,Laptop,Accessories,6,28158.11,22.65,4.1,130681.79,2,February,Customer_1028,Madurai
406,1046,2025-02-09,Keyboard,Electronics,1,7701.04,24.27,3.8,5832.0,2,February,Customer_1046,Madurai
407,1054,2025-02-10,Keyboard,Accessories,4,18461.35,13.76,4.0,63684.27,2,February,Customer_1054,Hyderabad
408,1025,2025-02-11,Tablet,Electronics,2,35308.4,1.95,2.8,69239.77,2,February,Customer_1025,Coimbatore
409,1027,2025-02-12,Monitor,Accessories,6,75682.65,21.24,3.2,357645.93,2,February,Customer_1027,Hyderabad
410,1024,2025-02-13,Tablet,Accessories,5,30575.63,15.35,3.8,129411.35,2,February,Customer_1024,Madurai
411,1100,2025-02-14,Phone,Electronics,4,61776.47,15.37,4.7,209125.71,2,February,Customer_1100,Chennai
412,1075,2025-02-15,Monitor,Electronics,3,43467.9,10.43,4.2,116802.59,2,February,Customer_1075,Coimbatore
413,1085,2025-02-16,Phone,Accessories,2,15033.3,14.3,2.7,25767.08,2,February,Customer_1085,Coimbatore
414,1082,2025-02-17,Phone,Electronics,7,25998.36,3.84,4.0,175000.16,2,February,Customer_1082,Hyderabad
415,1096,2025-02-18,Tablet,Electronics,5,52428.75,18.49,3.1,213673.37,2,February,Customer_1096,Bengaluru
416,1011,2025-02-19,Keyboard,Accessories,3,53991.84,1.88,4.3,158930.38,2,February,Customer_1011,Hyderabad
417,1089,2025-02-20,Phone,Electronics,3,35063.4,18.24,4.6,86003.51,2,February,Customer_1089,Coimbatore
418,1007,2025-02-21,Tablet,Electronics,6,18677.33,21.22,4.0,88284.0,2,February,Customer_1007,Chennai
419,1048,2025-02-22,Laptop,Electronics,6,57891.59,11.81,4.0,306327.56,2,February,Customer_1048,Madurai
420,1060,2025-02-23,Laptop,Electronics,4,13925.41,12.75,3.3,48599.68,2,February,Customer_1060,Coimbatore
421,1036,2025-02-24,Laptop,Accessories,3,74965.24,7.81,3.6,207331.36,2,February,Customer_1036,Chennai
422,1015,2025-02-25,Laptop,Accessories,5,15438.33,24.24,4.7,58480.39,2,February,Customer_1015,Coimbatore
423,1020,2025-02-26,Keyboard,Electronics,5,9031.33,18.33,4.3,36879.44,2,February,Customer_1020,Hyderabad
424,1083,2025-02-27,Keyboard,Electronics,5,40062.99,9.22,3.8,181845.91,2,February,Customer_1083,Chennai
425,1032,2025-02-28,Keyboard,Accessories,1,41804.19,4.37,3.4,39977.35,2,February,Customer_1032,Bengaluru
426,1032,2025-03-01,Laptop,Electronics,4,40901.34,5.49,2.6,154623.43,3,March,Customer_1032,Bengaluru
427,1093,2025-03-02,Laptop,Electronics,5,35215.07,11.6,2.9,155650.61,3,March,Customer_1093,Madurai
428,1015,2025-03-03,Phone,Electronics,7,79587.78,23.56,3.0,425858.29,3,March,Customer_1015,Coimbatore
429,1092,2025-03-04,Tablet,Electronics,4,39159.31,18.35,3.4,127894.31,3,March,Customer_1092,Madurai
430,1093,2025-03-05,Phone,Accessories,3,38496.75,5.38,4.9,109276.87,3,March,Customer_1093,Madurai
431,1060,2025-03-06,Tablet,Electronics,4,34030.4,21.49,3.8,106869.07,3,March,Customer_1060,Coimbatore
432,1017,2025-03-07,Laptop,Electronics,2,5812.65,9.46,3.1,10525.55,3,March,Customer_1017,Hyderabad
433,1016,2025-03-08,Monitor,Accessories,1,47640.05,21.29,2.8,37497.48,3,March,Customer_1016,Coimbatore
434,1029,2025-03-09,Phone,Electronics,5,18623.44,6.04,3.3,87492.92,3,March,Customer_1029,Hyderabad
435,1058,2025-03-10,Laptop,Accessories,7,51189.91,15.47,4.5,302895.82,3,March,Customer_1058,Chennai
436,1016,2025-03-11,Monitor,Electronics,6,4541.26,23.17,3.5,20934.3,3,March,Customer_1016,Coimbatore
437,1046,2025-03-12,Keyboard,Electronics,5,78520.27,6.45,4.4,367278.56,3,March,Customer_1046,Madurai
438,1012,2025-03-13,Laptop,Electronics,1,37785.9,17.32,4.5,31241.38,3,March,Customer_1012,Madurai
439,1055,2025-03-14,Tablet,Accessories,7,71792.05,24.68,2.8,378516.4,3,March,Customer_1055,Hyderabad
440,1003,2025-03-15,Keyboard,Accessories,4,38307.11,3.76,4.0,147467.05,3,March,Customer_1003,Coimbatore
441,1071,2025-03-16,Monitor,Electronics,3,5296.3,2.21,4.9,15537.76,3,March,Customer_1071,Coimbatore
442,1006,2025-03-17,Keyboard,Electronics,7,65865.98,16.85,3.5,383372.94,3,March,Customer_1006,Madurai
443,1020,2025-03-18,Tablet,Electronics,6,52030.61,8.49,2.6,285679.27,3,March,Customer_1020,Hyderabad
444,1018,2025-03-19,Phone,Accessories,6,62649.69,1.78,4.8,369207.15,3,March,Customer_1018,Chennai
445,1084,2025-03-20,Monitor,Electronics,2,34539.5,11.88,4.7,60872.41,3,March,Customer_1084,Madurai
446,1006,2025-03-21,Laptop,Accessories,7,51215.97,18.84,3.8,290968.17,3,March,Customer_1006,Madurai
447,1043,2025-03-22,Phone,Accessories,4,68570.21,7.13,3.9,254724.62,3,March,Customer_1043,Coimbatore
448,1060,2025-03-23,Monitor,Accessories,4,50669.7,8.38,3.0,185694.32,3,March,Customer_1060,Coimbatore
449,1052,2025-03-24,Monitor,Electronics,6,28140.05,21.14,4.5,133147.46,3,March,Customer_1052,Chennai
450,1069,2025-03-25,Laptop,Electronics,5,53171.1,13.0,3.7,231294.28,3,March,Customer_1069,Chennai
451,1081,2025-03-26,Tablet,Electronics,2,53912.41,21.07,2.6,85106.13,3,March,Customer_1081,Madurai
452,1040,2025-03-27,Phone,Accessories,3,76866.66,11.16,4.2,204865.02,3,March,Customer_1040,Coimbatore
453,1083,2025-03-28,Tablet,Accessories,3,29987.53,23.82,4.9,68533.5,3,March,Customer_1083,Chennai
454,1032,2025-03-29,Keyboard,Accessories,7,34294.0,16.27,4.6,201000.56,3,March,Customer_1032,Bengaluru
455,1099,2025-03-30,Laptop,Electronics,6,65063.78,2.9,3.2,379061.58,3,March,Customer_1099,Coimbatore
456,1051,2025-03-31,Keyboard,Electronics,3,40708.1,22.13,2.6,95098.19,3,March,Customer_1051,Coimbatore
457,1074,2025-04-01,Tablet,Accessories,6,59057.56,12.23,4.9,311008.92,4,April,Customer_1074,Chennai
458,1088,2025-04-02,Monitor,Accessories,6,37046.9,3.54,4.8,214412.64,4,April,Customer_1088,Bengaluru
459,1080,2025-04-03,Tablet,Accessories,3,17631.86,3.82,3.8,50874.97,4,April,Customer_1080,Coimbatore
460,1086,2025-04-04,Phone,Accessories,3,59743.71,17.19,4.1,148421.3,4,April,Customer_1086,Coimbatore
461,1054,2025-04-05,Monitor,Electronics,7,10926.84,1.18,3.7,75585.32,4,April,Customer_1054,Hyderabad
462,1005,2025-04-06,Monitor,Electronics,4,16287.4,7.16,3.5,60484.89,4,April,Customer_1005,Hyderabad
463,1050,2025-04-07,Laptop,Electronics,2,50332.59,3.49,2.8,97151.97,4,April,Customer_1050,Coimbatore
464,1019,2025-04-08,Monitor,Accessories,6,59907.95,11.03,2.7,319800.62,4,April,Customer_1019,Madurai
465,1089,2025-04-09,Monitor,Accessories,5,71627.69,10.36,3.1,321035.31,4,April,Customer_1089,Coimbatore
466,1024,2025-04-10,Phone,Electronics,4,22170.63,13.05,4.6,77109.45,4,April,Customer_1024,Madurai
467,1023,2025-04-11,Keyboard,Accessories,6,9302.58,6.99,2.9,51913.98,4,April,Customer_1023,Chennai
468,1025,2025-04-12,Monitor,Accessories,7,76505.71,0.8,3.1,531255.65,4,April,Customer_1025,Coimbatore
469,1065,2025-04-13,Phone,Accessories,3,12776.64,15.36,3.9,32442.44,4,April,Customer_1065,Hyderabad
470,1058,2025-04-14,Laptop,Accessories,3,16214.53,9.34,3.0,44100.28,4,April,Customer_1058,Chennai
471,1095,2025-04-15,Monitor,Electronics,2,23660.69,16.28,2.9,39617.46,4,April,Customer_1095,Madurai
472,1042,2025-04-16,Phone,Electronics,5,42586.61,2.72,3.9,207141.27,4,April,Customer_1042,Coimbatore
473,1029,2025-04-17,Monitor,Accessories,3,70684.63,0.34,3.4,211332.91,4,April,Customer_1029,Hyderabad
474,1005,2025-04-18,Tablet,Accessories,3,60963.41,6.21,4.1,171532.75,4,April,Customer_1005,Hyderabad
475,1001,2025-04-19,Tablet,Electronics,5,56798.53,11.41,4.8,251589.09,4,April,Customer_1001,Chennai
476,1038,2025-04-20,Laptop,Electronics,3,14426.86,9.85,2.9,39017.44,4,April,Customer_1038,Madurai
477,1093,2025-04-21,Monitor,Accessories,4,28935.77,20.26,4.8,92293.53,4,April,Customer_1093,Madurai
478,1053,2025-04-22,Laptop,Accessories,4,38533.19,9.45,4.8,139567.21,4,April,Customer_1053,Bengaluru
479,1090,2025-04-23,Tablet,Electronics,2,12220.36,13.26,4.6,21199.88,4,April,Customer_1090,Madurai
480,1011,2025-04-24,Keyboard,Accessories,1,22237.66,14.84,4.1,18937.59,4,April,Customer_1011,Hyderabad
481,1010,2025-04-25,Keyboard,Electronics,6,25012.49,0.55,4.1,149249.53,4,April,Customer_1010,Chennai
482,1084,2025-04-26,Keyboard,Electronics,1,10618.46,12.88,4.1,9250.8,4,April,Customer_1084,Madurai
483,1011,2025-04-27,Keyboard,Accessories,3,44244.06,8.62,4.2,121290.67,4,April,Customer_1011,Hyderabad
484,1006,2025-04-28,Tablet,Electronics,5,56549.74,10.53,2.5,252975.26,4,April,Customer_1006,Madurai
485,1041,2025-04-29,Phone,Accessories,1,6059.56,2.51,4.9,5907.47,4,April,Customer_1041,Chennai
486,1093,2025-04-30,Keyboard,Electronics,5,38749.29,19.57,4.0,155830.27,4,April,Customer_1093,Madurai
487,1069,2025-05-01,Keyboard,Accessories,6,62685.79,23.56,4.5,287502.11,5,May,Customer_1069,Chennai
488,1010,2025-05-02,Keyboard,Electronics,5,59965.22,0.56,3.4,298147.07,5,May,Customer_1010,Chennai
489,1084,2025-05-03,Monitor,Accessories,3,65298.31,15.03,2.5,166451.92,5,May,Customer_1084,Madurai
490,1085,2025-05-04,Laptop,Electronics,1,36135.13,19.1,3.8,29233.32,5,May,Customer_1085,Coimbatore
491,1081,2025-05-05,Tablet,Accessories,7,65734.29,7.12,3.8,427378.06,5,May,Customer_1081,Madurai
492,1091,2025-05-06,Tablet,Electronics,3,19639.87,19.69,3.6,47318.34,5,May,Customer_1091,Hyderabad
493,1024,2025-05-07,Keyboard,Electronics,6,29184.44,15.81,3.3,147422.28,5,May,Customer_1024,Madurai
494,1098,2025-05-08,Phone,Electronics,2,14520.27,23.23,3.1,22294.42,5,May,Customer_1098,Coimbatore
495,1033,2025-05-09,Phone,Accessories,2,37665.02,24.53,3.8,56851.58,5,May,Customer_1033,Chennai
496,1081,2025-05-10,Laptop,Electronics,6,31668.77,1.06,3.4,187998.49,5,May,Customer_1081,Madurai
497,1058,2025-05-11,Keyboard,Accessories,7,19653.71,11.12,4.9,122277.52,5,May,Customer_1058,Chennai
498,1078,2025-05-12,Monitor,Accessories,7,60266.57,13.67,2.9,364196.91,5,May,Customer_1078,Bengaluru
499,1063,2025-05-13,Laptop,Accessories,6,25450.82,3.67,3.3,147100.65,5,May,Customer_1063,Bengaluru
500,1065,2025-05-14,Tablet,Accessories,2,22187.94,8.41,3.2,40643.87,5,May,Customer_1065,Hyderabad
